"Position","Name","Salary","GameInfo","AvgPointsPerGame","teamAbbrev"
"WR","Odell Beckham Jr.",9100,"NYG@Mia 08:30PM ET",22.892,"NYG"
"WR","Antonio Brown",8900,"Pit@Cin 01:00PM ET",24.900,"Pit"
"WR","Julio Jones",8900,"Atl@Car 01:00PM ET",24.567,"Atl"
"WR","DeAndre Hopkins",8500,"NE@Hou 08:30PM ET",23.325,"Hou"
"WR","Allen Robinson",8000,"Ind@Jax 01:00PM ET",20.917,"Jax"
"WR","A.J. Green",7900,"Pit@Cin 01:00PM ET",18.642,"Cin"
"QB","Tom Brady",7800,"NE@Hou 08:30PM ET",26.715,"NE"
"TE","Rob Gronkowski",7700,"NE@Hou 08:30PM ET",19.918,"NE"
"RB","Devonta Freeman",7700,"Atl@Car 01:00PM ET",24.064,"Atl"
"WR","Brandon Marshall",7600,"Ten@NYJ 01:00PM ET",22.350,"NYJ"
"WR","Julian Edelman",7500,"NE@Hou 08:30PM ET",19.611,"NE"
"QB","Cam Newton",7500,"Atl@Car 01:00PM ET",24.623,"Car"
"WR","Calvin Johnson",7400,"Det@StL 01:00PM ET",17.542,"Det"
"WR","Mike Evans",7200,"NO@TB 01:00PM ET",15.273,"TB"
"QB","Aaron Rodgers",7000,"Dal@GB 04:25PM ET",22.165,"GB"
"TE","Greg Olsen",6900,"Atl@Car 01:00PM ET",16.475,"Car"
"WR","Alshon Jeffery",6900,"Was@Chi 01:00PM ET",19.571,"Chi"
"QB","Drew Brees",6800,"NO@TB 01:00PM ET",22.125,"NO"
"QB","Ben Roethlisberger",6800,"Pit@Cin 01:00PM ET",24.260,"Pit"
"RB","Matt Forte",6800,"Was@Chi 01:00PM ET",17.033,"Chi"
"WR","Demaryius Thomas",6800,"Oak@Den 04:05PM ET",16.767,"Den"
"WR","Dez Bryant",6800,"Dal@GB 04:25PM ET",10.743,"Dal"
"RB","Todd Gurley",6800,"Det@StL 01:00PM ET",16.180,"StL"
"QB","Andy Dalton",6600,"Pit@Cin 01:00PM ET",21.987,"Cin"
"QB","Andrew Luck",6500,"Ind@Jax 01:00PM ET",21.406,"Ind"
"WR","Eric Decker",6400,"Ten@NYJ 01:00PM ET",17.191,"NYJ"
"QB","Russell Wilson",6300,"Sea@Bal 01:00PM ET",20.740,"Sea"
"WR","Randall Cobb",6300,"Dal@GB 04:25PM ET",14.117,"GB"
"WR","Jarvis Landry",6300,"NYG@Mia 08:30PM ET",17.930,"Mia"
"RB","Doug Martin",6200,"NO@TB 01:00PM ET",16.225,"TB"
"WR","Brandin Cooks",6200,"NO@TB 01:00PM ET",16.150,"NO"
"WR","Amari Cooper",6200,"Oak@Den 04:05PM ET",15.725,"Oak"
"QB","Matt Ryan",6100,"Atl@Car 01:00PM ET",17.378,"Atl"
"QB","Eli Manning",6100,"NYG@Mia 08:30PM ET",19.552,"NYG"
"RB","LeSean McCoy",6100,"Buf@Phi 01:00PM ET",17.010,"Buf"
"RB","Mark Ingram",6100,"NO@TB 01:00PM ET",17.283,"NO"
"WR","Sammy Watkins",6100,"Buf@Phi 01:00PM ET",15.833,"Buf"
"RB","DeAngelo Williams",6000,"Pit@Cin 01:00PM ET",13.858,"Pit"
"QB","Philip Rivers",6000,"SD@KC 01:00PM ET",21.368,"SD"
"RB","Marshawn Lynch",6000,"Sea@Bal 01:00PM ET",12.243,"Sea"
"QB","Blake Bortles",6000,"Ind@Jax 01:00PM ET",21.947,"Jax"
"WR","Emmanuel Sanders",5900,"Oak@Den 04:05PM ET",15.055,"Den"
"WR","Michael Crabtree",5900,"Oak@Den 04:05PM ET",16.083,"Oak"
"WR","T.Y. Hilton",5900,"Ind@Jax 01:00PM ET",14.375,"Ind"
"QB","Peyton Manning",5800,"Oak@Den 04:05PM ET",12.422,"Den"
"RB","Jonathan Stewart",5800,"Atl@Car 01:00PM ET",12.908,"Car"
"QB","Matthew Stafford",5800,"Det@StL 01:00PM ET",18.863,"Det"
"RB","Thomas Rawls",5800,"Sea@Bal 01:00PM ET",11.350,"Sea"
"RB","Lamar Miller",5700,"NYG@Mia 08:30PM ET",15.967,"Mia"
"WR","Martavis Bryant",5700,"Pit@Cin 01:00PM ET",20.929,"Pit"
"QB","Marcus Mariota",5700,"Ten@NYJ 01:00PM ET",21.238,"Ten"
"TE","Delanie Walker",5600,"Ten@NYJ 01:00PM ET",16.000,"Ten"
"QB","Tony Romo",5600,"Dal@GB 04:25PM ET",12.915,"Dal"
"QB","Derek Carr",5600,"Oak@Den 04:05PM ET",20.243,"Oak"
"TE","Tyler Eifert",5600,"Pit@Cin 01:00PM ET",15.745,"Cin"
"WR","Jeremy Maclin",5500,"SD@KC 01:00PM ET",17.318,"KC"
"WR","Allen Hurns",5500,"Ind@Jax 01:00PM ET",15.800,"Jax"
"WR","Jordan Matthews",5500,"Buf@Phi 01:00PM ET",13.008,"Phi"
"QB","Jameis Winston",5500,"NO@TB 01:00PM ET",18.257,"TB"
"QB","Ryan Fitzpatrick",5400,"Ten@NYJ 01:00PM ET",18.878,"NYJ"
"QB","Tyrod Taylor",5400,"Buf@Phi 01:00PM ET",20.104,"Buf"
"RB","Javorius Allen",5300,"Sea@Bal 01:00PM ET",8.742,"Bal"
"QB","Matt Hasselbeck",5200,"Ind@Jax 01:00PM ET",15.616,"Ind"
"WR","Danny Amendola",5200,"NE@Hou 08:30PM ET",12.795,"NE"
"QB","Brian Hoyer",5200,"NE@Hou 08:30PM ET",17.842,"Hou"
"QB","Ryan Tannehill",5200,"NYG@Mia 08:30PM ET",17.982,"Mia"
"QB","Brock Osweiler",5200,"Oak@Den 04:05PM ET",10.596,"Den"
"QB","Matt Cassel",5100,"Dal@GB 04:25PM ET",9.886,"Dal"
"QB","Jay Cutler",5100,"Was@Chi 01:00PM ET",16.798,"Chi"
"QB","Alex Smith",5100,"SD@KC 01:00PM ET",18.193,"KC"
"QB","Matt Schaub",5100,"Sea@Bal 01:00PM ET",16.800,"Bal"
"QB","Sam Bradford",5100,"Buf@Phi 01:00PM ET",14.668,"Phi"
"QB","Austin Davis",5100,"SF@Cle 01:00PM ET",7.690,"Cle"
"QB","Kirk Cousins",5100,"Was@Chi 01:00PM ET",17.503,"Was"
"QB","Blaine Gabbert",5100,"SF@Cle 01:00PM ET",19.630,"SF"
"TE","Jordan Reed",5100,"Was@Chi 01:00PM ET",14.940,"Was"
"RB","Charcandrick West",5100,"SD@KC 01:00PM ET",9.418,"KC"
"QB","Mike Vick",5000,"Pit@Cin 01:00PM ET",6.348,"Pit"
"QB","Charlie Whitehurst",5000,"Ind@Jax 01:00PM ET",1.020,"Ind"
"QB","Tarvaris Jackson",5000,"Sea@Bal 01:00PM ET",-0.200,"Sea"
"QB","Derek Anderson",5000,"Atl@Car 01:00PM ET",0.200,"Car"
"QB","Dan Orlovsky",5000,"Det@StL 01:00PM ET",3.680,"Det"
"QB","Kellen Clemens",5000,"SD@KC 01:00PM ET",6.520,"SD"
"QB","Matt Moore",5000,"NYG@Mia 08:30PM ET",0.360,"Mia"
"QB","Matt Flynn",5000,"NO@TB 01:00PM ET",0,"NO"
"QB","Chad Henne",5000,"Ind@Jax 01:00PM ET",0,"Jax"
"QB","Josh Johnson",5000,"Buf@Phi 01:00PM ET",0,"Buf"
"TE","Gary Barnidge",5000,"SF@Cle 01:00PM ET",16.058,"Cle"
"RB","Darren McFadden",5000,"Dal@GB 04:25PM ET",12.833,"Dal"
"QB","Joe Webb",5000,"Atl@Car 01:00PM ET",-0.008,"Car"
"QB","Mark Sanchez",5000,"Buf@Phi 01:00PM ET",12.613,"Phi"
"QB","Chase Daniel",5000,"SD@KC 01:00PM ET",0.160,"KC"
"QB","Colt McCoy",5000,"Was@Chi 01:00PM ET",0.000,"Was"
"QB","T.J. Yates",5000,"NE@Hou 08:30PM ET",11.110,"Hou"
"QB","Christian Ponder",5000,"Oak@Den 04:05PM ET",0,"Den"
"QB","Scott Tolzien",5000,"Dal@GB 04:25PM ET",0.000,"GB"
"RB","DeMarco Murray",5000,"Buf@Phi 01:00PM ET",14.309,"Phi"
"QB","Thaddeus Lewis",5000,"Buf@Phi 01:00PM ET",0,"Phi"
"RB","Chris Ivory",5000,"Ten@NYJ 01:00PM ET",16.136,"NYJ"
"QB","Case Keenum",5000,"Det@StL 01:00PM ET",3.720,"StL"
"QB","Jimmy Clausen",5000,"Sea@Bal 01:00PM ET",2.387,"Bal"
"QB","Kellen Moore",5000,"Dal@GB 04:25PM ET",0,"Dal"
"QB","Brandon Weeden",5000,"NE@Hou 08:30PM ET",9.630,"Hou"
"QB","Nick Foles",5000,"Det@StL 01:00PM ET",9.825,"StL"
"QB","Landry Jones",5000,"Pit@Cin 01:00PM ET",4.520,"Pit"
"QB","Robert Griffin III",5000,"Was@Chi 01:00PM ET",0,"Was"
"QB","EJ Manuel",5000,"Buf@Phi 01:00PM ET",10.560,"Buf"
"QB","Sean Renfree",5000,"Atl@Car 01:00PM ET",-0.400,"Atl"
"QB","Mike Glennon",5000,"NO@TB 01:00PM ET",0,"TB"
"WR","Travis Benjamin",5000,"SF@Cle 01:00PM ET",14.992,"Cle"
"QB","Ryan Nassib",5000,"NYG@Mia 08:30PM ET",0,"NYG"
"QB","Ryan Griffin",5000,"NO@TB 01:00PM ET",0,"TB"
"QB","Matt McGloin",5000,"Oak@Den 04:05PM ET",5.840,"Oak"
"QB","Zach Mettenberger",5000,"Ten@NYJ 01:00PM ET",4.185,"Ten"
"QB","Aaron Murray",5000,"SD@KC 01:00PM ET",0,"KC"
"QB","Bryce Petty",5000,"Ten@NYJ 01:00PM ET",0,"NYJ"
"QB","AJ McCarron",5000,"Pit@Cin 01:00PM ET",0.227,"Cin"
"QB","David Fales",5000,"Was@Chi 01:00PM ET",0,"Chi"
"QB","Geno Smith",5000,"Ten@NYJ 01:00PM ET",21.000,"NYJ"
"QB","Garrett Grayson",5000,"NO@TB 01:00PM ET",0.000,"NO"
"QB","Trevor Siemian",5000,"Oak@Den 04:05PM ET",0,"Den"
"QB","Dylan Thompson",5000,"SF@Cle 01:00PM ET",0,"SF"
"QB","Jimmy Garoppolo",5000,"NE@Hou 08:30PM ET",-0.125,"NE"
"QB","Sean Mannion",5000,"Det@StL 01:00PM ET",1.240,"StL"
"QB","Brett Hundley",5000,"Dal@GB 04:25PM ET",0,"GB"
"QB","Johnny Manziel",5000,"SF@Cle 01:00PM ET",9.189,"Cle"
"RB","T.J. Yeldon",4900,"Ind@Jax 01:00PM ET",14.055,"Jax"
"WR","DeSean Jackson",4800,"Was@Chi 01:00PM ET",10.700,"Was"
"RB","Shaun Draughn",4800,"SF@Cle 01:00PM ET",7.289,"SF"
"RB","LeGarrette Blount",4800,"NE@Hou 08:30PM ET",10.936,"NE"
"RB","Latavius Murray",4800,"Oak@Den 04:05PM ET",13.983,"Oak"
"WR","Brandon LaFell",4700,"NE@Hou 08:30PM ET",9.271,"NE"
"TE","Travis Kelce",4700,"SD@KC 01:00PM ET",13.175,"KC"
"RB","Eddie Lacy",4700,"Dal@GB 04:25PM ET",9.327,"GB"
"RB","Ronnie Hillman",4700,"Oak@Den 04:05PM ET",10.217,"Den"
"TE","Antonio Gates",4600,"SD@KC 01:00PM ET",15.014,"SD"
"WR","Stevie Johnson",4600,"SD@KC 01:00PM ET",11.270,"SD"
"WR","Kamar Aiken",4600,"Sea@Bal 01:00PM ET",10.867,"Bal"
"WR","Donte Moncrief",4600,"Ind@Jax 01:00PM ET",12.558,"Ind"
"RB","Jeremy Hill",4600,"Pit@Cin 01:00PM ET",10.600,"Cin"
"TE","Jason Witten",4500,"Dal@GB 04:25PM ET",10.533,"Dal"
"WR","Vincent Jackson",4500,"NO@TB 01:00PM ET",12.089,"TB"
"WR","Doug Baldwin",4500,"Sea@Bal 01:00PM ET",15.567,"Sea"
"WR","Golden Tate",4500,"Det@StL 01:00PM ET",11.842,"Det"
"RB","Spencer Ware",4500,"SD@KC 01:00PM ET",9.357,"KC"
"TE","Benjamin Watson",4400,"NO@TB 01:00PM ET",12.267,"NO"
"RB","Danny Woodhead",4400,"SD@KC 01:00PM ET",14.150,"SD"
"RB","Jeremy Langford",4400,"Was@Chi 01:00PM ET",10.400,"Chi"
"WR","Willie Snead",4400,"NO@TB 01:00PM ET",12.055,"NO"
"RB","Frank Gore",4300,"Ind@Jax 01:00PM ET",12.625,"Ind"
"RB","James Starks",4300,"Dal@GB 04:25PM ET",11.092,"GB"
"WR","Marvin Jones",4200,"Pit@Cin 01:00PM ET",11.150,"Cin"
"TE","Julius Thomas",4200,"Ind@Jax 01:00PM ET",10.975,"Jax"
"RB","C.J. Anderson",4200,"Oak@Den 04:05PM ET",9.767,"Den"
"WR","Davante Adams",4200,"Dal@GB 04:25PM ET",8.700,"GB"
"WR","James Jones",4100,"Dal@GB 04:25PM ET",11.842,"GB"
"WR","Kendall Wright",4100,"Ten@NYJ 01:00PM ET",10.522,"Ten"
"WR","Tavon Austin",4100,"Det@StL 01:00PM ET",12.708,"StL"
"RB","Giovani Bernard",4100,"Pit@Cin 01:00PM ET",12.858,"Cin"
"RB","James White",4100,"NE@Hou 08:30PM ET",6.790,"NE"
"WR","Anquan Boldin",4000,"SF@Cle 01:00PM ET",12.650,"SF"
"WR","Pierre Garcon",4000,"Was@Chi 01:00PM ET",10.683,"Was"
"RB","Shane Vereen",4000,"NYG@Mia 08:30PM ET",9.708,"NYG"
"WR","Rishard Matthews",4000,"NYG@Mia 08:30PM ET",12.691,"Mia"
"WR","DeVante Parker",4000,"NYG@Mia 08:30PM ET",3.836,"Mia"
"RB","Tevin Coleman",4000,"Atl@Car 01:00PM ET",4.480,"Atl"
"TE","Richard Rodgers",3900,"Dal@GB 04:25PM ET",11.167,"GB"
"TE","Scott Chandler",3800,"NE@Hou 08:30PM ET",6.075,"NE"
"RB","Alfred Blue",3800,"NE@Hou 08:30PM ET",7.383,"Hou"
"WR","Marquess Wilson",3800,"Was@Chi 01:00PM ET",7.582,"Chi"
"RB","Melvin Gordon",3800,"SD@KC 01:00PM ET",8.025,"SD"
"RB","Duke Johnson Jr.",3800,"SF@Cle 01:00PM ET",10.483,"Cle"
"WR","Ted Ginn Jr.",3700,"Atl@Car 01:00PM ET",10.750,"Car"
"WR","Brian Hartline",3700,"SF@Cle 01:00PM ET",8.327,"Cle"
"WR","Brandon Coleman",3700,"NO@TB 01:00PM ET",4.967,"NO"
"WR","Dorial Green-Beckham",3700,"Ten@NYJ 01:00PM ET",6.683,"Ten"
"WR","Malcom Floyd",3600,"SD@KC 01:00PM ET",7.600,"SD"
"RB","Rashad Jennings",3600,"NYG@Mia 08:30PM ET",8.067,"NYG"
"RB","Chris Polk",3600,"NE@Hou 08:30PM ET",5.518,"Hou"
"WR","Terrance Williams",3600,"Dal@GB 04:25PM ET",9.033,"Dal"
"WR","Markus Wheaton",3600,"Pit@Cin 01:00PM ET",8.617,"Pit"
"RB","Theo Riddick",3600,"Det@StL 01:00PM ET",11.600,"Det"
"WR","Cecil Shorts III",3600,"NE@Hou 08:30PM ET",12.004,"Hou"
"RB","Antonio Andrews",3600,"Ten@NYJ 01:00PM ET",9.160,"Ten"
"RB","Ameer Abdullah",3600,"Det@StL 01:00PM ET",6.817,"Det"
"RB","Karlos Williams",3600,"Buf@Phi 01:00PM ET",12.350,"Buf"
"RB","Matt Jones",3600,"Was@Chi 01:00PM ET",9.927,"Was"
"WR","Devin Funchess",3600,"Atl@Car 01:00PM ET",5.567,"Car"
"DST","Patriots ",3500,"NE@Hou 08:30PM ET",7.417,"NE"
"DST","Seahawks ",3500,"Sea@Bal 01:00PM ET",10.417,"Sea"
"RB","Darren Sproles",3500,"Buf@Phi 01:00PM ET",9.717,"Phi"
"WR","Harry Douglas",3500,"Ten@NYJ 01:00PM ET",5.770,"Ten"
"WR","Kenny Britt",3500,"Det@StL 01:00PM ET",6.625,"StL"
"RB","Alfred Morris",3500,"Was@Chi 01:00PM ET",5.658,"Was"
"WR","Torrey Smith",3500,"SF@Cle 01:00PM ET",8.242,"SF"
"TE","Charles Clay",3500,"Buf@Phi 01:00PM ET",10.242,"Buf"
"RB","Robert Turbin",3500,"Dal@GB 04:25PM ET",3.367,"Dal"
"RB","Bilal Powell",3500,"Ten@NYJ 01:00PM ET",10.125,"NYJ"
"WR","Cole Beasley",3500,"Dal@GB 04:25PM ET",8.100,"Dal"
"WR","Rueben Randle",3500,"NYG@Mia 08:30PM ET",10.192,"NYG"
"RB","Carlos Hyde",3500,"SF@Cle 01:00PM ET",12.043,"SF"
"RB","Orleans Darkwa",3500,"NYG@Mia 08:30PM ET",1.783,"NYG"
"WR","Robert Woods",3500,"Buf@Phi 01:00PM ET",7.933,"Buf"
"RB","Terrance West",3500,"Sea@Bal 01:00PM ET",2.850,"Bal"
"WR","Tyler Lockett",3500,"Sea@Bal 01:00PM ET",9.075,"Sea"
"DST","Broncos ",3400,"Oak@Den 04:05PM ET",12.917,"Den"
"DST","Panthers ",3400,"Atl@Car 01:00PM ET",10.583,"Car"
"WR","Nate Washington",3400,"NE@Hou 08:30PM ET",11.730,"Hou"
"TE","Jacob Tamme",3400,"Atl@Car 01:00PM ET",10.009,"Atl"
"RB","Ryan Mathews",3400,"Buf@Phi 01:00PM ET",11.733,"Phi"
"WR","Jermaine Kearse",3400,"Sea@Bal 01:00PM ET",7.492,"Sea"
"RB","Charles Sims",3400,"NO@TB 01:00PM ET",9.983,"TB"
"RB","Isaiah Crowell",3400,"SF@Cle 01:00PM ET",6.942,"Cle"
"DST","Bengals ",3300,"Pit@Cin 01:00PM ET",9.083,"Cin"
"WR","Andre Johnson",3300,"Ind@Jax 01:00PM ET",6.892,"Ind"
"RB","Marcel Reece",3300,"Oak@Den 04:05PM ET",5.775,"Oak"
"RB","Daniel Herron",3300,"Ind@Jax 01:00PM ET",2.350,"Ind"
"WR","Chris Givens",3300,"Sea@Bal 01:00PM ET",4.918,"Bal"
"RB","Kyle Juszczyk",3300,"Sea@Bal 01:00PM ET",5.292,"Bal"
"RB","Joique Bell",3300,"Det@StL 01:00PM ET",6.678,"Det"
"TE","Crockett Gillmore",3300,"Sea@Bal 01:00PM ET",10.120,"Bal"
"RB","Andre Williams",3300,"NYG@Mia 08:30PM ET",2.492,"NYG"
"RB","David Cobb",3300,"Ten@NYJ 01:00PM ET",1.500,"Ten"
"WR","Jamison Crowder",3300,"Was@Chi 01:00PM ET",8.417,"Was"
"DST","Packers ",3200,"Dal@GB 04:25PM ET",7.083,"GB"
"DST","Chiefs ",3200,"SD@KC 01:00PM ET",9.917,"KC"
"DST","Jets ",3200,"Ten@NYJ 01:00PM ET",7.083,"NYJ"
"TE","Heath Miller",3200,"Pit@Cin 01:00PM ET",8.091,"Pit"
"WR","Roddy White",3200,"Atl@Car 01:00PM ET",5.892,"Atl"
"WR","Jerricho Cotchery",3200,"Atl@Car 01:00PM ET",7.420,"Car"
"WR","Andrew Hawkins",3200,"SF@Cle 01:00PM ET",6.950,"Cle"
"WR","Dwayne Harris",3200,"NYG@Mia 08:30PM ET",8.267,"NYG"
"WR","Dontrelle Inman",3200,"SD@KC 01:00PM ET",5.645,"SD"
"RB","Brandon Bolden",3200,"NE@Hou 08:30PM ET",3.691,"NE"
"WR","Kenny Stills",3200,"NYG@Mia 08:30PM ET",5.525,"Mia"
"WR","Josh Huff",3200,"Buf@Phi 01:00PM ET",5.491,"Phi"
"RB","Terron Ward",3200,"Atl@Car 01:00PM ET",2.764,"Atl"
"RB","Ka'Deem Carey",3200,"Was@Chi 01:00PM ET",2.614,"Chi"
"WR","Nelson Agholor",3200,"Buf@Phi 01:00PM ET",3.478,"Phi"
"WR","Seth Roberts",3200,"Oak@Den 04:05PM ET",7.692,"Oak"
"TE","Martellus Bennett",3100,"Was@Chi 01:00PM ET",10.445,"Chi"
"WR","Greg Jennings",3000,"NYG@Mia 08:30PM ET",2.600,"Mia"
"WR","Marques Colston",3000,"NO@TB 01:00PM ET",8.227,"NO"
"WR","Lance Moore",3000,"Det@StL 01:00PM ET",7.736,"Det"
"WR","Jason Avant",3000,"SD@KC 01:00PM ET",1.683,"KC"
"WR","Devin Hester",3000,"Atl@Car 01:00PM ET",0.000,"Atl"
"WR","Miles Austin",3000,"Buf@Phi 01:00PM ET",3.764,"Phi"
"WR","Andre Caldwell",3000,"Oak@Den 04:05PM ET",2.458,"Den"
"WR","Dwayne Bowe",3000,"SF@Cle 01:00PM ET",1.220,"Cle"
"RB","Tyler Clutts",3000,"Dal@GB 04:25PM ET",0.117,"Dal"
"WR","Eric Weems",3000,"Atl@Car 01:00PM ET",0.175,"Atl"
"WR","Matthew Slater",3000,"NE@Hou 08:30PM ET",0.000,"NE"
"WR","Eddie Royal",3000,"Was@Chi 01:00PM ET",8.167,"Chi"
"WR","Wes Welker",3000,"Det@StL 01:00PM ET",4.050,"StL"
"RB","Jerome Felton",3000,"Buf@Phi 01:00PM ET",0.200,"Buf"
"RB","Tim Hightower",3000,"NO@TB 01:00PM ET",1.200,"NO"
"WR","Marcus Thigpen",3000,"Buf@Phi 01:00PM ET",-0.143,"Buf"
"RB","Cedric Peerman",3000,"Pit@Cin 01:00PM ET",0.000,"Cin"
"WR","Jerome Simpson",3000,"SF@Cle 01:00PM ET",2.133,"SF"
"RB","Mike Tolbert",3000,"Atl@Car 01:00PM ET",5.392,"Car"
"WR","Darrius Heyward-Bey",3000,"Pit@Cin 01:00PM ET",4.417,"Pit"
"RB","John Kuhn",3000,"Dal@GB 04:25PM ET",1.050,"GB"
"WR","Seyi Ajirotutu",3000,"Buf@Phi 01:00PM ET",0.127,"Phi"
"WR","Marlon Moore",3000,"SF@Cle 01:00PM ET",1.173,"Cle"
"WR","Brandon Tate",3000,"Pit@Cin 01:00PM ET",1.158,"Cin"
"RB","Darrel Young",3000,"Was@Chi 01:00PM ET",0.392,"Was"
"RB","Antone Smith",3000,"Was@Chi 01:00PM ET",0.220,"Chi"
"RB","Donald Brown",3000,"SD@KC 01:00PM ET",1.367,"SD"
"RB","Jorvorskie Lane",3000,"NO@TB 01:00PM ET",0.275,"TB"
"WR","Jordan Norwood",3000,"Oak@Den 04:05PM ET",2.971,"Den"
"WR","Hakeem Nicks",3000,"NYG@Mia 08:30PM ET",1.550,"NYG"
"RB","Bruce Miller",3000,"SF@Cle 01:00PM ET",1.675,"SF"
"WR","Marc Mariani",3000,"Was@Chi 01:00PM ET",1.667,"Chi"
"WR","Bryan Walters",3000,"Ind@Jax 01:00PM ET",6.800,"Jax"
"WR","Andre Roberts",3000,"Was@Chi 01:00PM ET",3.389,"Was"
"WR","Jacoby Jones",3000,"Pit@Cin 01:00PM ET",-0.111,"Pit"
"WR","Riley Cooper",3000,"Buf@Phi 01:00PM ET",4.642,"Phi"
"RB","Fred Jackson",3000,"Sea@Bal 01:00PM ET",4.975,"Sea"
"RB","Boobie Dixon",3000,"Buf@Phi 01:00PM ET",1.525,"Buf"
"WR","Jeremy Ross",3000,"Oak@Den 04:05PM ET",2.143,"Oak"
"RB","Chase Reynolds",3000,"Det@StL 01:00PM ET",0.000,"StL"
"RB","C.J. Spiller",3000,"NO@TB 01:00PM ET",6.673,"NO"
"RB","Dexter McCluster",3000,"Ten@NYJ 01:00PM ET",8.270,"Ten"
"RB","Fozzy Whittaker",3000,"Atl@Car 01:00PM ET",1.333,"Car"
"WR","Marcus Easley",3000,"Buf@Phi 01:00PM ET",1.280,"Buf"
"RB","Stevan Ridley",3000,"Ten@NYJ 01:00PM ET",0.180,"NYJ"
"RB","Taiwan Jones",3000,"Oak@Den 04:05PM ET",3.538,"Oak"
"RB","DuJuan Harris",3000,"Sea@Bal 01:00PM ET",0.700,"Sea"
"WR","Brian Quick",3000,"Det@StL 01:00PM ET",1.589,"StL"
"WR","Deonte Thompson",3000,"Was@Chi 01:00PM ET",0.000,"Chi"
"TE","Coby Fleener",3000,"Ind@Jax 01:00PM ET",7.850,"Ind"
"RB","Joe Banyard",3000,"Ind@Jax 01:00PM ET",0.000,"Jax"
"WR","Jeremy Kerley",3000,"Ten@NYJ 01:00PM ET",3.600,"NYJ"
"RB","Travaris Cadet",3000,"SF@Cle 01:00PM ET",1.133,"SF"
"RB","Anthony Sherman",3000,"SD@KC 01:00PM ET",0.275,"KC"
"RB","Will Tukuafu",3000,"Sea@Bal 01:00PM ET",0.660,"Sea"
"RB","Will Johnson",3000,"Pit@Cin 01:00PM ET",1.025,"Pit"
"RB","Bobby Rainey",3000,"NO@TB 01:00PM ET",0.533,"TB"
"RB","Roy Helu Jr.",3000,"Oak@Den 04:05PM ET",2.700,"Oak"
"RB","Patrick DiMarco",3000,"Atl@Car 01:00PM ET",2.567,"Atl"
"RB","George Winn",3000,"Det@StL 01:00PM ET",0.017,"Det"
"WR","Terrelle Pryor",3000,"SF@Cle 01:00PM ET",0,"Cle"
"RB","Kenjon Barner",3000,"Buf@Phi 01:00PM ET",1.914,"Phi"
"WR","Brice Butler",3000,"Dal@GB 04:25PM ET",3.450,"Dal"
"WR","Griff Whalen",3000,"Ind@Jax 01:00PM ET",3.467,"Ind"
"WR","Brenton Bersin",3000,"Atl@Car 01:00PM ET",2.050,"Car"
"RB","Derrick Coleman",3000,"Sea@Bal 01:00PM ET",0.130,"Sea"
"RB","Jonathan Grimes",3000,"NE@Hou 08:30PM ET",5.330,"Hou"
"WR","Frankie Hammond Jr.",3000,"SD@KC 01:00PM ET",0.000,"KC"
"WR","T.J. Graham",3000,"NO@TB 01:00PM ET",1.600,"NO"
"RB","Glenn Winston",3000,"SF@Cle 01:00PM ET",0.000,"Cle"
"WR","Keshawn Martin",3000,"NE@Hou 08:30PM ET",6.160,"NE"
"WR","Myles White",3000,"NYG@Mia 08:30PM ET",1.050,"NYG"
"WR","B.J. Daniels",3000,"Sea@Bal 01:00PM ET",0.633,"Sea"
"RB","Jordan Todman",3000,"Pit@Cin 01:00PM ET",0.200,"Pit"
"WR","Damaris Johnson",3000,"NE@Hou 08:30PM ET",0.600,"NE"
"TE","Ladarius Green",3000,"SD@KC 01:00PM ET",9.530,"SD"
"WR","Russell Shepard",3000,"NO@TB 01:00PM ET",1.000,"TB"
"WR","Mohamed Sanu",3000,"Pit@Cin 01:00PM ET",5.708,"Cin"
"RB","Zurlon Tipton",3000,"Ind@Jax 01:00PM ET",0.325,"Ind"
"RB","Knile Davis",3000,"SD@KC 01:00PM ET",1.560,"KC"
"RB","Tommy Bohanon",3000,"Ten@NYJ 01:00PM ET",0.717,"NYJ"
"WR","Ryan Grant",3000,"Was@Chi 01:00PM ET",3.775,"Was"
"RB","Rex Burkhead",3000,"Pit@Cin 01:00PM ET",1.292,"Cin"
"RB","Benny Cunningham",3000,"Det@StL 01:00PM ET",3.867,"StL"
"RB","Kendall Gaskins",3000,"SF@Cle 01:00PM ET",1.260,"SF"
"RB","Nikita Whitlock",3000,"NYG@Mia 08:30PM ET",0.000,"NYG"
"RB","Brandon Wegher",3000,"Atl@Car 01:00PM ET",0,"Car"
"WR","Kevin Norwood",3000,"Atl@Car 01:00PM ET",0.000,"Car"
"RB","Mike Gillislee",3000,"Buf@Phi 01:00PM ET",5.600,"Buf"
"RB","Chris Thompson",3000,"Was@Chi 01:00PM ET",7.500,"Was"
"RB","Denard Robinson",3000,"Ind@Jax 01:00PM ET",2.744,"Jax"
"RB","Fitzgerald Toussaint",3000,"Pit@Cin 01:00PM ET",1.200,"Pit"
"WR","Bennie Fowler",3000,"Oak@Den 04:05PM ET",2.542,"Den"
"WR","Jared Abbrederis",3000,"Dal@GB 04:25PM ET",2.050,"GB"
"WR","Nick Williams",3000,"Atl@Car 01:00PM ET",3.690,"Atl"
"WR","Devin Street",3000,"Dal@GB 04:25PM ET",1.775,"Dal"
"WR","Marlon Brown",3000,"Sea@Bal 01:00PM ET",2.520,"Bal"
"RB","Bernard Pierce",3000,"Ind@Jax 01:00PM ET",0.686,"Jax"
"WR","Quincy Enunwa",3000,"Ten@NYJ 01:00PM ET",4.025,"NYJ"
"RB","Jay Prosch",3000,"NE@Hou 08:30PM ET",0.258,"Hou"
"RB","Jalston Fowler",3000,"Ten@NYJ 01:00PM ET",1.742,"Ten"
"WR","TJ Jones",3000,"Det@StL 01:00PM ET",1.083,"Det"
"WR","Kenbrell Thompkins",3000,"Ten@NYJ 01:00PM ET",4.950,"NYJ"
"WR","Rashad Lawrence",3000,"Ind@Jax 01:00PM ET",0,"Jax"
"RB","Roosevelt Nix",3000,"Pit@Cin 01:00PM ET",0.300,"Pit"
"WR","Rod Streater",3000,"Oak@Den 04:05PM ET",1.800,"Oak"
"RB","Marcus Murphy",3000,"NO@TB 01:00PM ET",0.417,"NO"
"RB","Rod Smith",3000,"Dal@GB 04:25PM ET",0.300,"Dal"
"WR","Joshua Bellamy",3000,"Was@Chi 01:00PM ET",2.900,"Chi"
"WR","Neal Sterling",3000,"Ind@Jax 01:00PM ET",0.000,"Jax"
"WR","Javontee Herndon",3000,"SD@KC 01:00PM ET",3.725,"SD"
"RB","Malcolm Johnson",3000,"SF@Cle 01:00PM ET",0.458,"Cle"
"WR","Jonathan Krause",3000,"Buf@Phi 01:00PM ET",1.400,"Phi"
"WR","Andrew Turzilli",3000,"Ten@NYJ 01:00PM ET",0,"Ten"
"RB","Juwan Thompson",3000,"Oak@Den 04:05PM ET",0.818,"Den"
"RB","Michael Burton",3000,"Det@StL 01:00PM ET",0.258,"Det"
"WR","Albert Wilson",3000,"SD@KC 01:00PM ET",5.620,"KC"
"WR","DeAndrew White",3000,"SF@Cle 01:00PM ET",0.950,"SF"
"WR","Kaelin Clay",3000,"Sea@Bal 01:00PM ET",2.000,"Bal"
"WR","Matt Hazel",3000,"NYG@Mia 08:30PM ET",0.000,"Mia"
"WR","Keith Mumphery",3000,"NE@Hou 08:30PM ET",2.242,"Hou"
"WR","Justin Hardy",3000,"Atl@Car 01:00PM ET",4.200,"Atl"
"WR","Kevin Smith",3000,"Sea@Bal 01:00PM ET",1.033,"Sea"
"WR","Andre Holmes",3000,"Oak@Den 04:05PM ET",4.008,"Oak"
"WR","Corey Fuller",3000,"Det@StL 01:00PM ET",0.964,"Det"
"WR","Geremy Davis",3000,"NYG@Mia 08:30PM ET",0.410,"NYG"
"RB","Jamize Olawale",3000,"Oak@Den 04:05PM ET",3.200,"Oak"
"WR","Daniel Brown",3000,"Sea@Bal 01:00PM ET",1.350,"Bal"
"WR","Cameron Meredith",3000,"Was@Chi 01:00PM ET",2.122,"Chi"
"WR","Chris Hogan",3000,"Buf@Phi 01:00PM ET",6.647,"Buf"
"WR","Corey Brown",3000,"Atl@Car 01:00PM ET",6.390,"Car"
"RB","Jay Ajayi",3000,"NYG@Mia 08:30PM ET",5.500,"Mia"
"WR","Chris Conley",3000,"SD@KC 01:00PM ET",3.225,"KC"
"WR","Quinton Patton",3000,"SF@Cle 01:00PM ET",4.292,"SF"
"WR","Quan Bray",3000,"Ind@Jax 01:00PM ET",0.000,"Ind"
"RB","Tre Mason",3000,"Det@StL 01:00PM ET",4.044,"StL"
"WR","Sammie Coates",3000,"Pit@Cin 01:00PM ET",0.300,"Pit"
"WR","Tre McBride",3000,"Ten@NYJ 01:00PM ET",0.000,"Ten"
"WR","Phillip Dorsett",3000,"Ind@Jax 01:00PM ET",4.729,"Ind"
"WR","Rashad Ross",3000,"Was@Chi 01:00PM ET",2.067,"Was"
"WR","Ty Montgomery",3000,"Dal@GB 04:25PM ET",7.000,"GB"
"WR","Marqise Lee",3000,"Ind@Jax 01:00PM ET",2.617,"Jax"
"WR","Adam Humphries",3000,"NO@TB 01:00PM ET",4.156,"TB"
"WR","Bruce Ellington",3000,"SF@Cle 01:00PM ET",1.567,"SF"
"RB","Aaron Ripkowski",3000,"Dal@GB 04:25PM ET",0.255,"GB"
"WR","Bradley Marquez",3000,"Det@StL 01:00PM ET",1.300,"StL"
"WR","Rashad Greene",3000,"Ind@Jax 01:00PM ET",6.780,"Jax"
"TE","Eric Ebron",3000,"Det@StL 01:00PM ET",9.070,"Det"
"WR","Darius Jennings",3000,"SF@Cle 01:00PM ET",8.500,"Cle"
"WR","Devin Smith",3000,"Ten@NYJ 01:00PM ET",2.833,"NYJ"
"RB","Akeem Hunt",3000,"NE@Hou 08:30PM ET",1.867,"Hou"
"RB","Raheem Mostert",3000,"Sea@Bal 01:00PM ET",0.000,"Bal"
"WR","Jeremy Butler",3000,"Sea@Bal 01:00PM ET",6.400,"Bal"
"WR","De'Anthony Thomas",3000,"SD@KC 01:00PM ET",4.540,"KC"
"RB","Bishop Sankey",3000,"Ten@NYJ 01:00PM ET",4.290,"Ten"
"WR","Cody Latimer",3000,"Oak@Den 04:05PM ET",1.673,"Den"
"WR","Tyrell Williams",3000,"SD@KC 01:00PM ET",0.000,"SD"
"RB","Trey Williams",3000,"NE@Hou 08:30PM ET",0,"NE"
"RB","Damien Williams",3000,"NYG@Mia 08:30PM ET",2.133,"Mia"
"RB","John Crockett",3000,"Dal@GB 04:25PM ET",2.200,"GB"
"RB","Cameron Artis-Payne",3000,"Atl@Car 01:00PM ET",0.775,"Car"
"WR","Lucky Whitehead",3000,"Dal@GB 04:25PM ET",1.236,"Dal"
"WR","Jaelen Strong",3000,"NE@Hou 08:30PM ET",3.467,"Hou"
"WR","Mario Alford",3000,"Pit@Cin 01:00PM ET",2.500,"Cin"
"WR","Taylor Gabriel",3000,"SF@Cle 01:00PM ET",4.930,"Cle"
"WR","Jeff Janis",3000,"Dal@GB 04:25PM ET",0.825,"GB"
"WR","Donteea Dye",3000,"NO@TB 01:00PM ET",2.100,"TB"
"TE","Vernon Davis",2900,"Oak@Den 04:05PM ET",5.600,"Den"
"DST","Bills ",2800,"Buf@Phi 01:00PM ET",6.417,"Buf"
"DST","Rams ",2800,"Det@StL 01:00PM ET",8.333,"StL"
"TE","Owen Daniels",2800,"Oak@Den 04:05PM ET",7.792,"Den"
"TE","Brent Celek",2800,"Buf@Phi 01:00PM ET",6.083,"Phi"
"TE","Vance McDonald",2800,"SF@Cle 01:00PM ET",4.982,"SF"
"TE","Will Tye",2800,"NYG@Mia 08:30PM ET",5.844,"NYG"
"DST","Lions ",2700,"Det@StL 01:00PM ET",6.167,"Det"
"TE","Zach Miller",2700,"Was@Chi 01:00PM ET",5.483,"Chi"
"TE","Austin Seferian-Jenkins",2700,"NO@TB 01:00PM ET",14.000,"TB"
"DST","Browns ",2600,"SF@Cle 01:00PM ET",5.250,"Cle"
"DST","Dolphins ",2600,"NYG@Mia 08:30PM ET",6.833,"Mia"
"DST","Steelers ",2600,"Pit@Cin 01:00PM ET",8.833,"Pit"
"DST","Redskins ",2600,"Was@Chi 01:00PM ET",7.750,"Was"
"TE","Zach Ertz",2600,"Buf@Phi 01:00PM ET",7.845,"Phi"
"DST","Falcons ",2500,"Atl@Car 01:00PM ET",6.500,"Atl"
"DST","Bears ",2500,"Was@Chi 01:00PM ET",5.500,"Chi"
"DST","Giants ",2500,"NYG@Mia 08:30PM ET",9.000,"NYG"
"DST","Eagles ",2500,"Buf@Phi 01:00PM ET",9.583,"Phi"
"TE","Craig Stevens",2500,"Ten@NYJ 01:00PM ET",2.733,"Ten"
"TE","Marcedes Lewis",2500,"Ind@Jax 01:00PM ET",2.067,"Jax"
"TE","Matt Spaeth",2500,"Pit@Cin 01:00PM ET",0.333,"Pit"
"TE","Clark Harris",2500,"Pit@Cin 01:00PM ET",0.000,"Cin"
"TE","Anthony Fasano",2500,"Ten@NYJ 01:00PM ET",4.808,"Ten"
"TE","Brandon Pettigrew",2500,"Det@StL 01:00PM ET",2.571,"Det"
"TE","Kellen Davis",2500,"Ten@NYJ 01:00PM ET",0.742,"NYJ"
"TE","Brandon Myers",2500,"NO@TB 01:00PM ET",2.245,"TB"
"TE","Tony Moeaki",2500,"Atl@Car 01:00PM ET",0.300,"Atl"
"TE","David Johnson",2500,"SD@KC 01:00PM ET",0.033,"SD"
"TE","Clay Harbor",2500,"Ind@Jax 01:00PM ET",2.391,"Jax"
"TE","Ed Dickson",2500,"Atl@Car 01:00PM ET",3.142,"Car"
"TE","Jared Cook",2500,"Det@StL 01:00PM ET",6.175,"StL"
"TE","Chase Coffman",2500,"Sea@Bal 01:00PM ET",8.200,"Sea"
"TE","Garrett Graham",2500,"NE@Hou 08:30PM ET",1.625,"Hou"
"TE","Andrew DePaola",2500,"NO@TB 01:00PM ET",0.000,"TB"
"TE","Jim Dray",2500,"SF@Cle 01:00PM ET",0.775,"Cle"
"TE","Virgil Green",2500,"Oak@Den 04:05PM ET",2.592,"Den"
"TE","John Phillips",2500,"SD@KC 01:00PM ET",1.750,"SD"
"TE","Kyle Nelson",2500,"SF@Cle 01:00PM ET",0.000,"SF"
"TE","Matthew Mulligan",2500,"Buf@Phi 01:00PM ET",0.100,"Buf"
"TE","Lance Kendricks",2500,"Det@StL 01:00PM ET",4.282,"StL"
"TE","Jeff Cumberland",2500,"Ten@NYJ 01:00PM ET",1.155,"NYJ"
"TE","Michael Hoomanawanui",2500,"NO@TB 01:00PM ET",2.550,"NO"
"TE","Lee Smith",2500,"Oak@Den 04:05PM ET",2.027,"Oak"
"TE","Luke Stocker",2500,"NO@TB 01:00PM ET",0.660,"TB"
"TE","Jordan Cameron",2500,"NYG@Mia 08:30PM ET",5.717,"Mia"
"TE","Patrick Scales",2500,"Was@Chi 01:00PM ET",0.000,"Chi"
"TE","Larry Donnell",2500,"NYG@Mia 08:30PM ET",7.913,"NYG"
"TE","Garrett Celek",2500,"SF@Cle 01:00PM ET",5.055,"SF"
"TE","James Hanna",2500,"Dal@GB 04:25PM ET",0.640,"Dal"
"TE","Jake Stoneburner",2500,"NYG@Mia 08:30PM ET",3.100,"Mia"
"TE","Mychal Rivera",2500,"Oak@Den 04:05PM ET",3.658,"Oak"
"TE","Cory Harkey",2500,"Det@StL 01:00PM ET",0.450,"StL"
"TE","Beau Brinkley",2500,"Ten@NYJ 01:00PM ET",0.000,"Ten"
"TE","Dwayne Allen",2500,"Ind@Jax 01:00PM ET",2.970,"Ind"
"TE","Tim Wright",2500,"Det@StL 01:00PM ET",3.467,"Det"
"TE","Ryan Griffin",2500,"NE@Hou 08:30PM ET",8.220,"Hou"
"TE","Michael Williams",2500,"NE@Hou 08:30PM ET",0.355,"NE"
"TE","Chris Gragg",2500,"Buf@Phi 01:00PM ET",2.044,"Buf"
"TE","Luke Willson",2500,"Sea@Bal 01:00PM ET",3.527,"Sea"
"TE","Josh Hill",2500,"NO@TB 01:00PM ET",2.817,"NO"
"TE","James Winchester",2500,"SD@KC 01:00PM ET",0.000,"KC"
"TE","Jack Doyle",2500,"Ind@Jax 01:00PM ET",1.767,"Ind"
"TE","Justin Perillo",2500,"Dal@GB 04:25PM ET",3.486,"GB"
"TE","Ryan Hewitt",2500,"Pit@Cin 01:00PM ET",1.175,"Cin"
"TE","Levine Toilolo",2500,"Atl@Car 01:00PM ET",0.967,"Atl"
"TE","Gabe Holmes",2500,"Oak@Den 04:05PM ET",0,"Oak"
"TE","Gavin Escobar",2500,"Dal@GB 04:25PM ET",1.617,"Dal"
"TE","Dion Sims",2500,"NYG@Mia 08:30PM ET",2.400,"Mia"
"TE","Jerome Cunningham",2500,"NYG@Mia 08:30PM ET",1.620,"NYG"
"TE","Nic Jacobs",2500,"Ind@Jax 01:00PM ET",0.145,"Jax"
"TE","Cooper Helfet",2500,"Sea@Bal 01:00PM ET",0.400,"Sea"
"TE","Trey Burton",2500,"Buf@Phi 01:00PM ET",0.575,"Phi"
"TE","Blake Bell",2500,"SF@Cle 01:00PM ET",1.590,"SF"
"TE","Je'Ron Hamm",2500,"Was@Chi 01:00PM ET",0.000,"Was"
"TE","Cameron Brate",2500,"NO@TB 01:00PM ET",5.360,"TB"
"TE","Clive Walford",2500,"Oak@Den 04:05PM ET",4.700,"Oak"
"TE","C.J. Fiedorowicz",2500,"NE@Hou 08:30PM ET",2.808,"Hou"
"TE","Asante Cleveland",2500,"NE@Hou 08:30PM ET",0.550,"NE"
"TE","Brian Parker",2500,"SD@KC 01:00PM ET",0.320,"KC"
"TE","Scott Simonson",2500,"Atl@Car 01:00PM ET",0.000,"Car"
"TE","Tyler Kroft",2500,"Pit@Cin 01:00PM ET",0.342,"Cin"
"TE","C.J. Uzomah",2500,"Pit@Cin 01:00PM ET",1.400,"Cin"
"TE","Demetrius Harris",2500,"SD@KC 01:00PM ET",0.675,"KC"
"TE","Nick Boyle",2500,"Sea@Bal 01:00PM ET",3.209,"Bal"
"TE","Kennard Backman",2500,"Dal@GB 04:25PM ET",0.000,"GB"
"TE","Phillip Supernaw",2500,"Ten@NYJ 01:00PM ET",0.217,"Ten"
"TE","Maxx Williams",2500,"Sea@Bal 01:00PM ET",4.180,"Bal"
"TE","Jesse James",2500,"Pit@Cin 01:00PM ET",5.075,"Pit"
"TE","Derek Carrier",2500,"Was@Chi 01:00PM ET",3.218,"Was"
"TE","Geoff Swaim",2500,"Dal@GB 04:25PM ET",0.500,"Dal"
"TE","E.J. Bibbs",2500,"SF@Cle 01:00PM ET",0.567,"Cle"
"TE","Khari Lee",2500,"Was@Chi 01:00PM ET",0.142,"Chi"
"DST","Titans ",2300,"Ten@NYJ 01:00PM ET",6.667,"Ten"
"DST","Colts ",2300,"Ind@Jax 01:00PM ET",6.500,"Ind"
"DST","Raiders ",2300,"Oak@Den 04:05PM ET",5.917,"Oak"
"DST","Jaguars ",2300,"Ind@Jax 01:00PM ET",5.833,"Jax"
"DST","Ravens ",2300,"Sea@Bal 01:00PM ET",7.417,"Bal"
"DST","Texans ",2200,"NE@Hou 08:30PM ET",7.000,"Hou"
"DST","Buccaneers ",2200,"NO@TB 01:00PM ET",8.000,"TB"
"DST","Cowboys ",2100,"Dal@GB 04:25PM ET",5.583,"Dal"
"DST","Saints ",2100,"NO@TB 01:00PM ET",5.250,"NO"
"DST","Chargers ",2100,"SD@KC 01:00PM ET",4.167,"SD"
"DST","49ers ",2100,"SF@Cle 01:00PM ET",4.500,"SF"
